original_order,learning_order,greek,headword,translation,greeklex_rank,lemma_freq,word_freq,zipf_freq,pos,matched_word,match_type,duplicate_of
648,1,έχω,έχω,иметь,4,8779.7,293.1,5.467,verb,έχω,exact,
633,2,είμαι,είμαι,"быть, являться",28,2535.8,216.7,5.336,adj,είμαι,exact,
661,3,κάνω,κάνω,делать,34,2100.5,129.6,5.112,verb,κάνω,exact,
679,4,λέω,λέω,"говорить, сказать",20,3182.2,3.7,3.57,verb,λέγω,alias,
653,5,θέλω,θέλω,хотеть,67,1235.2,215.6,5.333,verb,θέλω,exact,
692,6,μπορώ,μπορώ,"мочь, уметь",25,2806.7,108.6,5.036,verb,μπορώ,exact,
698,7,ξέρω,ξέρω,знать,189,547.0,135.3,5.131,verb,ξέρω,exact,
606,8,βλέπω,βλέπω,"видеть, смотреть",79,1020.7,53.9,4.731,verb,βλέπω,exact,
577,9,ακούω,ακούω,"слышать, слушать",260,419.7,19.2,4.284,verb,ακούω,exact,
722,10,πηγαίνω,πηγαίνω,"идти, ехать",122,740.3,5.8,3.765,verb,πηγαίνω,exact,
646,11,έρχομαι,έρχομαι,"приходить, прийти",159,622.2,18.4,4.265,verb,έρχομαι,exact,
708,12,παίρνω,παίρνω,"брать, взять",89,949.7,11.3,4.053,verb,παίρνω,exact,
625,13,δίνω,δίνω,давать,43,1688.8,9.7,3.987,verb,δίνω,exact,
783,14,τρώω,τρώω,"есть, кушать",1316,86.4,0.1,2.106,verb,τρώγω,alias,
723,15,πίνω,πίνω,пить,1954,50.9,1.4,3.154,verb,πίνω,exact,
786,16,φέρνω,φέρνω,приносить,270,408.2,8.2,3.915,verb,φέρω,alias,
746,17,ρωτάω,ρωτάω,спрашивать,617,200.1,5.5,3.742,verb,ρωτώ,verb_alt,
718,18,περνώ,περνώ,"проходить, проводить (время)",153,641.1,2.6,3.417,verb,περνάω,verb_alt,
595,19,αρχίζω,αρχίζω,начинать,179,569.6,2.7,3.435,verb,αρχίζω,exact,
777,20,τελειώνω,τελειώνω,"заканчивать, кончать",687,180.6,10.6,4.026,verb,τελειώνω,exact,
697,21,ξεκινώ,ξεκινώ,"начинать, отправляться",,,,,,,,
757,22,σταματάω,σταματάω,"останавливать(ся), прекращать",700,177.0,0.8,2.919,verb,σταματάω,exact,
685,23,μένω,μένω,"жить, оставаться",304,367.9,4.6,3.664,verb,μένω,exact,
787,24,φεύγω,φεύγω,"уходить, уезжать",495,243.8,4.7,3.674,verb,φεύγω,exact,
615,25,γυρίζω,γυρίζω,"возвращаться, поворачивать",874,141.1,2.4,3.384,verb,γυρίζω,exact,
691,26,μπαίνω,μπαίνω,входить,335,324.8,3.8,3.583,verb,μπαίνω,exact,
605,27,βγαίνω,βγαίνω,"выходить, идти гулять",462,255.2,2.3,3.365,verb,βγαίνω,exact,
575,28,αγοράζω,αγοράζω,покупать,1024,118.1,1.4,3.154,verb,αγοράζω,exact,
730,29,πουλάω,πουλάω,продавать,1330,85.5,0.9,2.961,verb,πουλάω,exact,
726,30,πληρώνω,πληρώνω,платить,599,205.6,2.4,3.384,verb,πληρώνω,exact,
631,31,δουλεύω,δουλεύω,работать,934,132.1,5.4,3.734,verb,δουλεύω,exact,
618,32,διαβάζω,διαβάζω,читать,789,157.1,12.7,4.104,verb,διαβάζω,exact,
614,33,γράφω,γράφω,писать,311,357.7,10.6,4.026,verb,γράφω,exact,
688,34,μιλάω,μιλάω,"говорить, разговаривать",168,597.8,17.4,4.241,verb,μιλάω,exact,
683,35,μαθαίνω,μαθαίνω,"учить, изучать",730,171.3,4.5,3.656,verb,μαθαίνω,exact,
662,36,καταλαβαίνω,καταλαβαίνω,понимаю,513,237.9,23.6,4.373,verb,καταλαβαίνω,exact,
656,37,θυμάμαι,θυμάμαι,помнить,823,150.8,38.4,4.584,verb,θυμάμαι,exact,
699,38,ξεχνώ,ξεχνώ,забывать,862,143.4,1.1,3.052,verb,ξεχνάω,verb_alt,
797,39,χρειάζομαι,χρειάζομαι,нуждаться,254,424.0,3.2,3.506,verb,χρειάζομαι,exact,
799,40,χρησιμοποιώ,χρησιμοποιώ,использовать,221,471.1,4.0,3.604,verb,χρησιμοποιώ,exact,
717,41,περιμένω,περιμένω,ждать,415,275.5,14.1,4.15,verb,περιμένω,exact,
803,42,ψάχνω,ψάχνω,искать,1424,79.1,3.4,3.534,verb,ψάχνω,exact,
610,43,βρίσκω,βρίσκω,находить,62,1313.0,8.8,3.945,verb,βρίσκω,exact,
574,44,αγαπάω,αγαπάω,любить,1082,109.3,2.5,3.403,verb,αγαπάω,exact,
789,45,φοβάμαι,φοβάμαι,бояться,1006,120.6,7.3,3.864,verb,φοβούμαι,alias,
693,46,νιώθω,νιώθω,"чувствовать, ощущать",960,127.5,16.4,4.215,verb,νιώθω,exact,
752,47,σκέφτομαι,σκέφτομαι,думать,843,146.7,13.1,4.118,verb,σκέφτομαι,exact,
668,48,κοιμάμαι,κοιμάμαι,спать,2482,35.8,1.1,3.052,verb,κοιμάμαι,exact,
702,49,ξυπνώ,ξυπνώ,просыпаться,,,,,,,,
669,50,κολυμπώ,κολυμπώ,плавать,,,,,,,,
719,51,περπατώ,περπατώ,"ходить пешком, гулять",2946,27.5,0.8,2.919,verb,περπατάω,verb_alt,
776,52,ταξιδεύω,ταξιδεύω,путешествовать,1928,51.6,1.3,3.12,verb,ταξιδεύω,exact,
703,53,οδηγώ,οδηγώ,"водить (машину), вести",282,385.2,0.9,2.961,verb,οδηγώ,exact,
709,54,παραγγέλνω,παραγγέλνω,заказывать,4235,15.2,0.0,1.327,verb,παραγγέλλω,alias,
681,55,μαγειρεύω,μαγειρεύω,готовить (еду),6369,7.1,0.2,2.327,verb,μαγειρεύω,exact,
571,56,τώρα,τώρα,сейчас,100,837.4,837.4,5.923,adv,τώρα,exact,
564,57,σήμερα,σήμερα,сегодня,85,977.9,977.9,5.99,adv,σήμερα,exact,
573,58,χθες,χθες,вчера,109,791.1,779.2,5.891,adv,χθες,exact,
512,59,αύριο,αύριο,завтра,771,161.0,161.0,5.207,adv,αύριο,exact,
521,60,εδώ,εδώ,здесь,137,686.6,638.1,5.805,adv,εδώ,exact,
560,61,πού,πού,"где, куда",722,172.8,172.8,5.237,adv,πού,exact,
563,62,πώς,πώς,как,248,431.5,431.5,5.635,adv,πώς,exact,
559,63,πότε,πότε,когда,1139,104.2,104.2,5.018,adv,πότε,exact,
556,64,πολύ,πολύ,"очень, много",42,1714.8,1342.2,6.127,adv,πολύ,exact,
537,65,λίγο,λίγο,"немного, мало",220,473.6,321.3,5.507,adv,λίγο,exact,
532,66,καλά,καλά,хорошо,,,,,,,,
539,67,μαζί,μαζί,вместе,234,453.0,453.0,5.656,adv,μαζί,exact,
544,68,μόνο,μόνο,только,52,1437.4,1264.3,6.102,adv,μόνο,exact,
550,69,πάντα,πάντα,всегда,365,310.3,310.3,5.491,adv,πάντα,exact,
558,70,ποτέ,ποτέ,никогда,384,298.0,297.7,5.473,adv,ποτέ,exact,
567,71,συχνά,συχνά,часто,,,,,,,,
566,72,συνήθως,συνήθως,обычно,913,135.0,133.3,5.125,adv,συνήθως,exact,
533,73,καμιά φορά,καμιά φορά,иногда,,,,,,,,
542,74,μέσα,μέσα,"внутри, в",75,1108.6,1084.9,6.035,adv,μέσα,exact,
523,75,έξω,έξω,"снаружи, вне",602,204.8,204.0,5.309,adv,έξω,exact,
551,76,πάνω,πάνω,"вверх, наверху",198,520.7,520.1,5.716,adv,πάνω,exact,
534,77,κάτω,κάτω,"вниз, внизу",324,338.7,328.7,5.516,adv,κάτω,exact,
555,78,πίσω,πίσω,"назад, сзади",449,259.2,256.7,5.409,adv,πίσω,exact,
545,79,μπροστά,μπροστά,"впереди, перед",564,218.3,218.3,5.339,adv,μπροστά,exact,
536,80,κοντά,κοντά,"близко, рядом",629,196.5,195.2,5.29,adv,κοντά,exact,
540,81,μακριά,μακριά,далеко,829,149.3,85.0,4.929,adv,μακριά,exact,
234,82,το σπίτι,σπίτι,дом,375,303.1,206.9,5.315,noun,σπίτι,exact,
92,83,η μέρα,μέρα,день,283,384.8,164.8,5.217,noun,μέρα,exact,
1,84,η ημέρα,ημέρα,день,243,440.2,139.5,5.144,noun,ημέρα,exact,
339,85,η ώρα,ώρα,"час, время",188,548.6,335.9,5.526,noun,ώρα,exact,
327,86,ο χρόνος,χρόνος,"время, год",45,1664.6,97.6,4.989,noun,χρόνος,exact,
99,87,ο μήνας,μήνας,месяц,76,1100.2,9.7,3.987,noun,μήνας,exact,
206,88,το πρωί,πρωί,утро,849,145.5,145.5,5.163,noun,πρωί,exact,
94,89,το μεσημέρι,μεσημέρι,полдень,1370,83.2,81.6,4.911,noun,μεσημέρι,exact,
130,90,η νύχτα,νύχτα,ночь,1303,87.6,63.0,4.799,noun,νύχτα,exact,
149,91,το παιδί,παιδί,ребёнок,203,512.6,118.9,5.075,noun,παιδί,exact,
101,92,η μητέρα,μητέρα,"мать, мама",1111,107.3,72.8,4.862,noun,μητέρα,exact,
166,93,ο πατέρας,πατέρας,отец,856,144.5,65.2,4.814,noun,πατέρας,exact,
87,94,η μαμά,μαμά,мама,3457,21.2,17.4,4.241,noun,μαμά,exact,
111,95,ο μπαμπάς,μπαμπάς,папа,4214,15.3,7.1,3.852,noun,μπαμπάς,exact,
138,96,η οικογένεια,οικογένεια,семья,799,155.7,63.9,4.805,noun,οικογένεια,exact,
310,97,ο φίλος,φίλος,друг,571,215.7,32.5,4.512,noun,φίλος,exact,
307,98,η φίλη,φίλη,подруга,1943,51.2,15.5,4.191,noun,φίλη,exact,
119,99,το νερό,νερό,вода,763,163.0,77.5,4.889,noun,νερό,exact,
299,100,το φαγητό,φαγητό,"еда, пища",3150,24.7,16.9,4.228,noun,φαγητό,exact,
35,101,ο καφές,καφές,кофе,2654,31.9,3.5,3.548,noun,καφές,exact,
337,102,το ψωμί,ψωμί,хлеб,3011,26.5,21.5,4.333,noun,ψωμί,exact,
60,103,το κρέας,κρέας,мясо,2922,27.7,12.6,4.101,noun,κρέας,exact,
334,104,το ψάρι,ψάρι,рыба,3375,22.1,5.7,3.757,noun,ψάρι,exact,
316,105,το φρούτο,φρούτο,фрукт,4961,11.3,1.4,3.154,noun,φρούτο,exact,
68,106,το λαχανικό,λαχανικό,овощ,6222,7.4,0.1,2.106,noun,λαχανικό,exact,
79,107,το μαγαζί,μαγαζί,магазин,2966,27.2,13.6,4.134,noun,μαγαζί,exact,
232,108,το σούπερμάρκετ,σούπερμάρκετ,супермаркет,5029,11.1,11.1,4.046,noun,σουπερμάρκετ,exact_accentless,
259,109,η ταβέρνα,ταβέρνα,таверна,5603,9.1,5.1,3.709,noun,ταβέρνα,exact,
258,110,το σχολείο,σχολείο,школа,576,214.0,73.0,4.863,noun,σχολείο,exact,
82,111,το μάθημα,μάθημα,"урок, предмет",1181,100.3,30.2,4.48,noun,μάθημα,exact,
192,112,η πόλη,πόλη,город,341,322.8,137.4,5.138,noun,πόλη,exact,
237,113,η στάση,στάση,"остановка, позиция",719,173.7,148.7,5.172,noun,στάση,exact,
71,114,το λεωφορείο,λεωφορείο,автобус,2248,41.9,13.2,4.121,noun,λεωφορείο,exact,
98,115,το μετρό,μετρό,метро,2680,31.3,31.3,4.496,noun,μετρό,exact,
273,116,το τηλέφωνο,τηλέφωνο,телефон,1794,56.8,32.5,4.512,noun,τηλέφωνο,exact,
44,117,το κινητό,κινητό,мобильный телефон,,,,,,,,
298,118,ο υπολογιστής,υπολογιστής,компьютер,,,,,,,,
325,119,τα χρήματα,χρήματα,деньги,,,,,,,,
284,120,η τράπεζα,τράπεζα,банк,235,452.8,144.8,5.161,noun,τράπεζα,exact,
29,121,η κάρτα,κάρτα,"карта, карточка",1308,87.0,38.2,4.582,noun,κάρτα,exact,
274,122,η τιμή,τιμή,цена,226,460.9,166.1,5.22,noun,τιμή,exact,
75,123,ο λογαριασμός,λογαριασμός,счет,1119,106.7,7.0,3.846,noun,λογαριασμός,exact,
196,124,το πρόβλημα,πρόβλημα,проблема,83,986.3,438.4,5.642,noun,πρόβλημα,exact,
69,125,η λέξη,λέξη,слово,792,156.6,80.6,4.906,noun,λέξη,exact,
420,126,καλός,καλός,хороший,57,1369.4,41.1,4.614,adj,καλός,exact,
419,127,κακός,κακός,"плохой, злой",429,270.3,9.1,3.96,adj,κακός,exact,
439,128,μεγάλος,μεγάλος,"большой, старший",35,2042.8,63.2,4.8,adj,μεγάλος,exact,
442,129,μικρός,μικρός,"маленький, младший",147,653.4,35.8,4.554,adj,μικρός,exact,
447,130,νέος,νέος,"молодой, новый",37,1981.6,81.3,4.91,adj,νέος,exact,
456,131,παλιός,παλιός,старый,342,322.8,9.8,3.992,adj,παλιός,exact,
507,132,ωραίος,ωραίος,"красивый, прекрасный",1232,95.1,4.4,3.646,adj,ωραίος,exact,
401,133,εύκολος,εύκολος,"лёгкий, простой",625,198.2,3.9,3.592,adj,εύκολος,exact,
386,134,δύσκολος,δύσκολος,трудный,432,270.0,7.8,3.893,adj,δύσκολος,exact,
479,135,σωστός,σωστός,"правильный, верный",584,211.5,6.5,3.815,adj,σωστός,exact,
431,136,λάθος,λάθος,"неправильный, ошибочный",678,183.1,115.5,5.062,noun,λάθος,exact,
403,137,ζεστός,ζεστός,"горячий, жаркий",3589,19.8,2.0,3.305,adj,ζεστός,exact,
429,138,κρύος,κρύος,холодный,3474,21.0,1.2,3.083,adj,κρύος,exact,
346,139,ακριβός,ακριβός,дорогой,1434,78.1,1.2,3.083,adj,ακριβός,exact,
490,140,φθηνός,φθηνός,дешёвый,,,,,,,,
459,141,πεινασμένος,πεινασμένος,голодный,,,,,,,,
428,142,κουρασμένος,κουρασμένος,усталый,,,,,,,,
356,143,άρρωστος,άρρωστος,больной,3422,21.6,5.5,3.742,adj,άρρωστος,exact,
500,144,χαρούμενος,χαρούμενος,"радостный, весёлый",4361,14.4,4.6,3.664,adj,χαρούμενος,exact,
434,145,λυπημένος,λυπημένος,"грустный, расстроенный",,,,,,,,
466,146,πολύς,πολύς,много,19,3281.8,16.9,4.228,adj,πολύς,exact,
743,147,πώ,πώ,"сказать, говорить",20,3182.2,3.7,3.57,verb,λέγω,alias,
453,148,όλος,όλος,"весь, целый",22,2879.4,19.2,4.284,adj,όλος,exact,
612,149,γίνομαι,γίνομαι,"становиться, происходить",30,2333.1,2.0,3.305,verb,γίνομαι,exact,
784,150,υπάρχω,υπάρχω,"существовать, иметься",32,2241.9,1.2,3.083,verb,υπάρχω,exact,
548,151,όπως,όπως,"как, так как",33,2128.7,2128.7,6.328,adv,όπως,exact,
732,152,πρέπει,πρέπει,"нужно, необходимо",36,2009.6,1759.0,6.245,verb,πρέπει,exact,
471,153,πρώτος,πρώτος,первый,46,1625.0,104.8,5.02,quant,πρώτος,exact,
330,154,η χώρα,χώρα,страна,47,1478.2,546.2,5.737,noun,χώρα,exact,
412,155,ίδιος,ίδιος,"тот же, одинаковый",50,1464.3,245.9,5.39,adj,ίδιος,exact,
430,156,κύριος,κύριος,"главный, господин",55,1396.0,128.8,5.11,noun,κύριος,exact,
9,157,το θέμα,θέμα,"тема, вопрос",58,1367.1,862.5,5.935,noun,θέμα,exact,
508,158,ακόμα,ακόμα,ещё,60,1327.2,496.8,5.696,adv,ακόμα,exact,
391,159,ελληνικός,ελληνικός,греческий,71,1217.7,41.2,4.615,adj,ελληνικός,exact,
549,160,όχι,όχι,"нет, не",78,1054.7,1054.7,6.023,part,όχι,exact,
416,161,κάθε,κάθε,каждый,80,1018.0,1018.0,6.007,pron,κάθε,exact,
76,162,ο λόγος,λόγος,"слово, речь, причина",81,1001.8,140.4,5.147,noun,λόγος,exact,
12,163,η θέση,θέση,"место, позиция, должность",84,980.1,613.4,5.787,noun,θέση,exact,
376,164,δημόσιος,δημόσιος,"общественный, государственный",87,965.5,14.6,4.164,adj,δημόσιος,exact,
433,165,λίγος,λίγος,"мало, немного",90,947.5,4.3,3.635,adj,λίγος,exact,
452,166,οικονομικός,οικονομικός,"экономический, дешёвый",92,945.1,9.3,3.969,adj,οικονομικός,exact,
402,167,ευρωπαϊκός,ευρωπαϊκός,европейский,93,922.2,8.9,3.95,adj,ευρωπαϊκός,exact,
526,168,έτσι,έτσι,"так, таким образом",96,890.4,890.4,5.949,adv,έτσι,exact,
480,169,τελευταίος,τελευταίος,последний,104,817.8,36.1,4.557,adj,τελευταίος,exact,
140,170,η ομάδα,ομάδα,"команда, группа",106,816.3,420.2,5.623,noun,ομάδα,exact,
313,171,η φορά,φορά,раз,113,762.3,477.8,5.679,noun,φορά,exact,
177,172,η περίπτωση,περίπτωση,случай,118,753.4,499.7,5.698,noun,περίπτωση,exact,
375,173,δεύτερος,δεύτερος,второй,123,739.2,46.8,4.67,quant,δεύτερος,exact,
649,174,ζητάω,ζητάω,"просить, искать",124,733.8,2.4,3.384,verb,ζητάω,exact,
257,175,η σχέση,σχέση,отношения,127,719.8,400.7,5.603,noun,σχέση,exact,
525,176,επίσης,επίσης,"также, тоже",130,706.4,706.4,5.849,adv,επίσης,exact,
516,177,δηλαδή,δηλαδή,"то есть, значит",131,704.8,704.8,5.848,part,δηλαδή,exact,
286,178,ο τρόπος,τρόπος,"способ, образ",132,702.9,102.7,5.011,noun,τρόπος,exact,
175,179,η περιοχή,περιοχή,"район, область",133,701.5,343.5,5.536,noun,περιοχή,exact,
387,180,ειδικός,ειδικός,специальный; специалист,135,690.5,23.8,4.377,adj,ειδικός,exact,
198,181,το πρόγραμμα,πρόγραμμα,"программа, план",140,681.0,311.8,5.494,noun,πρόγραμμα,exact,
241,182,το στοιχείο,στοιχείο,"элемент, деталь",145,657.9,129.5,5.112,noun,στοιχείο,exact,
473,183,σημαντικός,σημαντικός,важный,148,649.8,19.1,4.281,adj,σημαντικός,exact,
655,184,θέτω,θέτω,"ставлю, помещаю",150,646.4,4.0,3.604,verb,θέτω,exact,
570,185,τότε,τότε,тогда,154,637.0,635.7,5.803,adv,τότε,exact,
53,186,ο κόσμος,κόσμος,"мир, люди",157,624.7,167.5,5.224,noun,κόσμος,exact,
569,187,τόσο,τόσο,"так, настолько",162,614.0,614.0,5.788,adv,τόσο,exact,
267,188,το τέλος,τέλος,конец,163,610.5,514.1,5.711,noun,τέλος,exact,
333,189,ο χώρος,χώρος,"пространство, место",164,607.1,71.2,4.852,noun,χώρος,exact,
513,190,βέβαια,βέβαια,"конечно, разумеется",166,602.4,358.2,5.554,adv,βέβαια,exact,
295,191,η υπηρεσία,υπηρεσία,"услуга, служба",172,586.9,122.3,5.087,noun,υπηρεσία,exact,
483,192,τέτοιος,τέτοιος,такой,178,570.1,11.4,4.057,pron,τέτοιος,exact,
382,193,δικός,δικός,"свой, мой, твой",180,566.4,16.1,4.207,pron,δικός,exact,
240,194,η στιγμή,στιγμή,"момент, мгновение",183,561.1,446.4,5.649,noun,στιγμή,exact,
790,195,φοράω,φοράω,носить (одежду),191,545.4,1.1,3.052,verb,φοράω,exact,
395,196,εξωτερικός,εξωτερικός,"внешний, наружный",195,531.5,2.0,3.305,adj,εξωτερικός,exact,
538,197,λοιπόν,λοιπόν,"итак, ну",199,520.7,520.7,5.716,conj,λοιπόν,exact,
541,198,μάλιστα,μάλιστα,"конечно, да",202,515.4,515.4,5.712,adv,μάλιστα,exact,
481,199,τελικός,τελικός,"финальный, окончательный",205,504.6,14.3,4.155,adj,τελικός,exact,
528,200,ήδη,ήδη,уже,206,502.5,502.5,5.701,adv,ήδη,exact,
194,201,το πράγμα,πράγμα,"вещь, дело, предмет",210,495.7,138.4,5.141,noun,πράγμα,exact,
707,202,παίζω,παίζω,играть,214,489.7,9.0,3.955,verb,παίζω,exact,
724,203,πιστεύω,πιστεύω,верить,215,488.2,183.1,5.262,verb,πιστεύω,exact,
93,204,το μέρος,μέρος,"часть, место",218,478.1,314.1,5.497,noun,μέρος,exact,
205,205,η πρόταση,πρόταση,предложение,229,458.7,246.7,5.392,noun,πρόταση,exact,
139,206,η οικονομία,οικονομία,"экономика, экономия",231,455.7,164.2,5.215,noun,οικονομία,exact,
616,207,δείχνω,δείχνω,показывать,238,449.9,1.3,3.12,verb,δείχνω,exact,
715,208,παρουσιάζω,παρουσιάζω,"представлять, показывать",242,443.5,0.8,2.919,verb,παρουσιάζω,exact,
796,209,χάνω,χάνω,"терять, упускать",246,433.6,2.7,3.435,verb,χάνω,exact,
31,210,η κατάσταση,κατάσταση,"ситуация, состояние",250,429.0,314.7,5.498,noun,κατάσταση,exact,
484,211,τρίτος,τρίτος,третий,252,427.2,25.2,4.402,quant,τρίτος,exact,
289,212,ο τύπος,τύπος,тип,263,416.7,56.7,4.753,noun,τύπος,exact,
371,213,γνωστός,γνωστός,"знакомый, известный",265,415.6,34.1,4.533,adj,γνωστός,exact,
770,214,συνεχίζω,συνεχίζω,продолжать,267,413.5,3.2,3.506,verb,συνεχίζω,exact,
505,215,ψηλός,ψηλός,высокий,278,393.1,5.4,3.734,adj,ψηλός,exact,
174,216,η περίοδος,περίοδος,"период, время",279,391.9,41.2,4.615,noun,περίοδος,exact,
38,217,το κέντρο,κέντρο,центр,281,386.6,200.5,5.302,noun,κέντρο,exact,
553,218,περίπου,περίπου,"примерно, около",285,384.0,384.0,5.584,adv,περίπου,exact,
184,219,η πληροφορία,πληροφορία,информация,286,383.4,33.8,4.529,noun,πληροφορία,exact,
599,220,αφήνω,αφήνω,"оставляю, позволяю",287,382.7,4.6,3.664,verb,αφήνω,exact,
256,221,το σχέδιο,σχέδιο,"план, проект",288,381.7,179.5,5.254,noun,σχέδιο,exact,
750,222,σημειώνω,σημειώνω,отмечать,290,379.6,3.7,3.57,verb,σημειώνω,exact,
250,223,ο συνάδελφος,συνάδελφος,коллега,293,377.3,28.4,4.453,noun,συνάδελφος,exact,
297,224,η υπόθεση,υπόθεση,"дело, случай, вопрос",294,377.0,217.7,5.338,noun,υπόθεση,exact,
385,225,δυνατός,δυνατός,"сильный, громкий",296,374.3,11.0,4.042,adj,δυνατός,exact,
276,226,το τμήμα,τμήμα,"отдел, факультет",300,368.8,194.5,5.289,noun,τμήμα,exact,
212,227,ο ρόλος,ρόλος,роль,303,368.0,56.6,4.753,noun,ρόλος,exact,
792,228,φτάνω,φτάνω,"приходить, прибывать",307,364.3,1.0,3.009,verb,φτάνω,exact,
762,229,συζητώ,συζητώ,"обсуждать, разговаривать",308,361.4,0.7,2.859,verb,συζητάω,verb_alt,
397,230,επόμενος,επόμενος,следующий,312,350.7,8.2,3.915,adj,επόμενος,exact,
576,231,ακολουθώ,ακολουθώ,следовать,313,350.2,1.3,3.12,verb,ακολουθώ,exact,
591,232,αποφασίζω,αποφασίζω,решать,314,350.2,1.1,3.052,verb,αποφασίζω,exact,
529,233,ίσως,ίσως,"возможно, может быть",317,348.2,348.2,5.542,adv,ίσως,exact,
355,234,αρκετός,αρκετός,достаточный,318,347.8,3.9,3.592,adj,αρκετός,exact,
19,235,η ιστορία,ιστορία,история,320,343.3,246.3,5.391,noun,ιστορία,exact,
379,236,διαφορετικός,διαφορετικός,"разный, различный",325,338.6,6.5,3.815,adj,διαφορετικός,exact,
204,237,το πρόσωπο,πρόσωπο,лицо,326,338.4,131.1,5.117,noun,πρόσωπο,exact,
109,238,ο μουσικός,μουσικός,музыкант,328,337.4,8.0,3.904,noun,μουσικός,exact,
601,239,βάζω,βάζω,"класть, ставить",330,332.9,6.0,3.779,verb,βάζω,exact,
736,240,προσθέτω,προσθέτω,"добавлять, прибавлять",333,328.2,1.4,3.154,verb,προσθέτω,exact,
260,241,η ταινία,ταινία,фильм,334,327.4,173.4,5.239,noun,ταινία,exact,
739,242,προσπαθώ,προσπαθώ,"пытаться, стараться",338,323.8,11.8,4.073,verb,προσπαθώ,exact,
200,243,το προϊόν,προϊόν,"продукт, товар",343,322.7,60.2,4.779,noun,προϊόν,exact,
78,244,η λύση,λύση,решение,349,317.8,206.3,5.314,noun,λύση,exact,
440,245,μερικός,μερικός,"некоторый, несколько",353,316.7,0.6,2.79,adj,μερικός,exact,
249,246,η συμφωνία,συμφωνία,"согласие, договор",354,316.5,172.6,5.237,noun,συμφωνία,exact,
742,247,προχωρώ,προχωρώ,"идти вперёд, продвигаться",356,315.5,1.6,3.208,verb,προχωρώ,exact,
380,248,διάφορος,διάφορος,"разный, различный",361,311.9,0.1,2.106,adj,διάφορος,exact,
578,249,αλλάζω,αλλάζω,"меняю, изменяю",364,310.6,1.4,3.154,verb,αλλάζω,exact,
678,250,λειτουργώ,λειτουργώ,"работаю, функционирую",366,309.8,0.9,2.961,verb,λειτουργώ,exact,
696,251,νομίζω,νομίζω,"думать, считать",368,308.3,224.0,5.35,verb,νομίζω,exact,
354,252,αργός,αργός,медленный,371,307.6,2.9,3.464,adj,αργός,exact,
635,253,εκφράζω,εκφράζω,выражать,378,301.0,3.8,3.583,verb,εκφράζω,exact,
150,254,το παιχνίδι,παιχνίδι,"игра, игрушка",386,297.7,193.7,5.287,noun,παιχνίδι,exact,
617,255,δέχομαι,δέχομαι,"принимать, соглашаться",393,293.6,10.3,4.013,verb,δέχομαι,exact,
468,256,προηγούμενος,προηγούμενος,предыдущий,395,291.1,3.7,3.57,adj,προηγούμενος,exact,
171,257,το περιβάλλον,περιβάλλον,"окружающая среда, среда",405,280.8,139.5,5.144,noun,περιβάλλον,exact,
292,258,η υγεία,υγεία,здоровье,406,280.5,67.0,4.826,noun,υγεία,exact,
449,259,ξένος,ξένος,"чужой, иностранный",412,277.7,12.1,4.083,adj,ξένος,exact,
253,260,η συνέχεια,συνέχεια,"продолжение, постоянно",419,273.9,266.9,5.426,noun,συνέχεια,exact,
353,261,απλός,απλός,простой,423,272.3,16.3,4.212,adj,απλός,exact,
659,262,καλώ,καλώ,"звать, приглашать",425,271.8,5.4,3.734,verb,καλώ,exact,
322,263,το χέρι,χέρι,рука,427,271.4,105.2,5.022,noun,χέρι,exact,
650,264,ζω,ζω,жить,434,269.0,8.3,3.92,noun,ζω,exact,
673,265,κρατάω,κρατάω,"держать, хранить",435,268.2,2.2,3.344,verb,κρατώ,verb_alt,
108,266,η μουσική,μουσική,музыка,440,264.9,156.5,5.194,noun,μουσική,exact,
262,267,η τάξη,τάξη,"класс, порядок",441,263.8,74.1,4.87,noun,τάξη,exact,
740,268,προσφέρω,προσφέρω,"предлагать, предоставлять",456,257.1,3.1,3.495,verb,προσφέρω,exact,
704,269,ολοκληρώνω,ολοκληρώνω,"завершать, заканчивать",459,256.7,1.6,3.208,verb,ολοκληρώνω,exact,
23,270,ο καιρός,καιρός,"погода, время",470,251.9,37.3,4.572,noun,καιρός,exact,
43,271,η κίνηση,κίνηση,движение,471,251.8,122.8,5.089,noun,κίνηση,exact,
543,272,μόλις,μόλις,"только что, едва",473,251.1,251.1,5.4,adv,μόλις,exact,
393,273,ενδιαφέρον,ενδιαφέρον,интересный,487,245.9,191.0,5.281,noun,ενδιαφέρον,exact,
64,274,η κυρία,κυρία,"госпожа, женщина",489,245.5,134.9,5.13,noun,κυρία,exact,
666,275,κλείνω,κλείνω,закрывать,496,243.7,6.3,3.8,verb,κλείνω,exact,
665,276,κερδίζω,κερδίζω,"выигрывать, зарабатывать",498,242.5,0.8,2.919,verb,κερδίζω,exact,
157,277,η παράγραφος,παράγραφος,абзац,501,242.0,98.8,4.995,noun,παράγραφος,exact,
275,278,ο τίτλος,τίτλος,"заголовок, титул",505,240.2,37.8,4.577,noun,τίτλος,exact,
766,279,συμφωνώ,συμφωνώ,соглашаться,515,237.2,20.5,4.312,verb,συμφωνώ,exact,
515,280,γύρω,γύρω,вокруг,518,235.9,235.9,5.372,adv,γύρω,exact,
54,281,το κόστος,κόστος,стоимость,522,234.1,168.0,5.225,noun,κόστος,exact,
432,282,λεπτός,λεπτός,"тонкий, худой",524,233.1,1.1,3.052,adj,λεπτός,exact,
251,283,η συνάντηση,συνάντηση,встреча,525,232.7,155.6,5.192,noun,συνάντηση,exact,
583,284,ανοίγω,ανοίγω,открывать,526,232.5,2.3,3.365,verb,ανοίγω,exact,
121,285,η νίκη,νίκη,победа,529,231.7,174.7,5.242,noun,νίκη,exact,
201,286,η προστασία,προστασία,защита,540,227.6,128.5,5.109,noun,προστασία,exact,
389,287,εκπαιδευτικός,εκπαιδευτικός,"образовательный, учебный",542,225.7,7.8,3.893,noun,εκπαιδευτικός,exact,
270,288,η τέχνη,τέχνη,искусство,545,224.7,71.2,4.852,noun,τέχνη,exact,
768,289,συναντώ,συναντώ,"встречать, встретить",546,224.3,1.0,3.009,verb,συναντώ,exact,
294,290,ο υπάλληλος,υπάλληλος,"сотрудник, служащий",547,223.3,28.3,4.452,noun,υπάλληλος,exact,
638,291,εξετάζω,εξετάζω,"осматривать, обследовать",549,222.6,0.6,2.79,verb,εξετάζω,exact,
143,292,το όνομα,όνομα,имя,563,218.7,133.2,5.124,noun,όνομα,exact,
721,293,πέφτω,πέφτω,падать,569,216.3,1.3,3.12,verb,πέφτω,exact,
37,294,το κείμενο,κείμενο,текст,570,216.2,109.4,5.039,noun,κείμενο,exact,
70,295,το λεπτό,λεπτό,минута,572,215.2,52.5,4.72,noun,λεπτό,exact,
151,296,το πανεπιστήμιο,πανεπιστήμιο,университет,574,214.9,78.0,4.892,noun,πανεπιστήμιο,exact,
96,297,η μεταφορά,μεταφορά,"перевозка, транспорт",578,213.0,73.0,4.863,noun,μεταφορά,exact,
390,298,ελεύθερος,ελεύθερος,свободный,579,212.9,21.7,4.336,adj,ελεύθερος,exact,
427,299,κοντός,κοντός,"короткий, низкий",585,210.7,4.0,3.604,noun,κοντός,exact,
482,300,τέταρτος,τέταρτος,четвёртый,586,209.7,6.7,3.827,quant,τέταρτος,exact,
22,301,ο καθηγητής,καθηγητής,преподаватель,592,208.0,81.5,4.911,noun,καθηγητής,exact,
764,302,συμμετέχω,συμμετέχω,участвовать,601,204.9,1.9,3.282,verb,συμμετέχω,exact,
509,303,αμέσως,αμέσως,"сразу, немедленно",603,204.8,204.8,5.311,adv,αμέσως,exact,
663,304,καταφέρνω,καταφέρνω,"удаваться, справляться",610,203.5,0.9,2.961,verb,καταφέρνω,exact,
499,305,χαμηλός,χαμηλός,низкий,620,199.0,3.2,3.506,adj,χαμηλός,exact,
83,306,ο μαθητής,μαθητής,ученик,628,197.3,15.2,4.182,noun,μαθητής,exact,
144,307,το όργανο,όργανο,музыкальный инструмент,630,196.4,54.0,4.732,noun,όργανο,exact,
706,308,οργανώνω,οργανώνω,организовывать,631,196.3,0.2,2.327,verb,οργανώνω,exact,
758,309,στέλνω,στέλνω,"отправлять, посылать",640,193.6,1.6,3.208,verb,στέλνω,exact,
319,310,ο χαρακτήρας,χαρακτήρας,характер,641,193.4,23.1,4.364,noun,χαρακτήρας,exact,
195,311,η πραγματικότητα,πραγματικότητα,"реальность, действительность",642,193.2,162.7,5.211,noun,πραγματικότητα,exact,
604,312,βγάζω,βγάζω,"вынимаю, снимаю, зарабатываю",657,187.7,3.0,3.48,verb,βγάζω,exact,
6,313,το θέατρο,θέατρο,театр,660,187.2,127.8,5.106,noun,θέατρο,exact,
277,314,ο τόπος,τόπος,место,682,182.5,34.1,4.533,noun,τόπος,exact,
120,315,το νησί,νησί,остров,689,180.3,63.3,4.801,noun,νησί,exact,
641,316,επιλέγω,επιλέγω,выбирать,690,179.6,1.4,3.154,verb,επιλέγω,exact,
639,317,εξηγώ,εξηγώ,объяснять,695,178.4,1.2,3.083,verb,εξηγώ,exact,
127,318,το νοσοκομείο,νοσοκομείο,больница,701,177.0,75.8,4.88,noun,νοσοκομείο,exact,
293,319,το υλικό,υλικό,материал,704,176.2,72.7,4.861,noun,υλικό,exact,
414,320,ιστορικός,ιστορικός,исторический,709,175.7,10.8,4.034,noun,ιστορικός,exact,
712,321,παρακολουθώ,παρακολουθώ,"следить, посещать, смотреть",721,173.0,5.0,3.7,verb,παρακολουθώ,exact,
15,322,η ιδέα,ιδέα,идея,726,171.6,93.7,4.971,noun,ιδέα,exact,
415,323,καθαρός,καθαρός,чистый,727,171.4,4.6,3.664,adj,καθαρός,exact,
477,324,συχνός,συχνός,частый,732,171.0,0.4,2.628,adj,συχνός,exact,
643,325,επιστρέφω,επιστρέφω,возвращаться,734,170.8,1.3,3.12,verb,επιστρέφω,exact,
349,326,ανοιχτός,ανοιχτός,открытый,738,170.0,5.1,3.709,adj,ανοιχτός,exact,
17,327,ο ιούνιος,ιούνιος,июнь,759,165.0,4.0,3.604,noun,ιούνιος,exact,
460,328,πέμπτος,πέμπτος,пятый,764,162.4,2.9,3.464,adj,πέμπτος,exact,
223,329,ο σεπτέμβριος,σεπτέμβριος,сентябрь,765,162.4,3.7,3.57,noun,σεπτέμβριος,exact,
135,330,η οδηγία,οδηγία,"инструкция, указание",769,161.8,60.2,4.779,noun,οδηγία,exact,
487,331,υπεύθυνος,υπεύθυνος,ответственный,777,159.0,34.6,4.539,adj,υπεύθυνος,exact,
396,332,επαγγελματικός,επαγγελματικός,профессиональный,781,158.4,2.2,3.344,adj,επαγγελματικός,exact,
261,333,το ταμείο,ταμείο,касса,782,157.8,54.2,4.734,noun,ταμείο,exact,
373,334,γρήγορος,γρήγορος,быстрый,786,157.4,5.3,3.725,adj,γρήγορος,exact,
644,335,επιτυγχάνω,επιτυγχάνω,"достигать, добиваться успеха",798,155.7,0.0,1.327,verb,επιτυγχάνω,exact,
557,336,πόσο,πόσο,сколько,804,154.7,154.7,5.189,adv,πόσο,exact,
89,337,το μάτι,μάτι,глаз,805,154.4,35.9,4.555,noun,μάτι,exact,
84,338,ο Μάιος,Μάιος,май,812,152.7,3.8,3.583,noun,μάιος,exact,
5,339,ο θάνατος,θάνατος,смерть,833,148.9,25.8,4.412,noun,θάνατος,exact,
137,340,η οδός,οδός,улица,834,148.8,17.3,4.238,noun,οδός,exact,
65,341,η κυριακή,κυριακή,воскресенье,835,148.8,116.2,5.065,noun,κυριακή,exact,
779,342,τοποθετώ,τοποθετώ,"размещать, ставить, класть",836,148.8,0.7,2.859,verb,τοποθετώ,exact,
475,343,σύντομος,σύντομος,"короткий, краткий",847,146.0,3.5,3.548,adj,σύντομος,exact,
572,344,φέτος,φέτος,в этом году,853,145.0,123.1,5.09,adv,φέτος,exact,
377,345,δημοτικός,δημοτικός,"муниципальный, начальный",867,142.0,3.6,3.558,adj,δημοτικός,exact,
524,346,επιπλέον,επιπλέον,"кроме того, дополнительно",869,141.7,141.7,5.151,adv,επιπλέον,exact,
271,347,η τεχνολογία,τεχνολογία,технология,877,141.0,46.1,4.664,noun,τεχνολογία,exact,
399,348,έτοιμος,έτοιμος,готовый,883,139.8,31.3,4.496,adj,έτοιμος,exact,
228,349,η σκέψη,σκέψη,"мысль, размышление",893,138.5,70.0,4.845,noun,σκέψη,exact,
637,350,ενημερώνω,ενημερώνω,"информировать, уведомлять",895,138.3,1.6,3.208,verb,ενημερώνω,exact,
281,351,το τραγούδι,τραγούδι,песня,898,137.3,49.5,4.694,noun,τραγούδι,exact,
636,352,ενδιαφέρομαι,ενδιαφέρομαι,интересоваться,907,135.6,0.0,1.327,verb,ενδιαφέρω,alias,
63,353,το κτίριο,κτίριο,здание,916,134.3,48.2,4.683,noun,κτίριο,exact,
236,354,ο σταθμός,σταθμός,"станция, вокзал",919,134.2,20.5,4.312,noun,σταθμός,exact,
417,355,καθημερινός,καθημερινός,"ежедневный, повседневный",920,134.0,1.4,3.154,adj,καθημερινός,exact,
252,356,η συνέντευξη,συνέντευξη,"интервью, собеседование",933,132.2,97.1,4.987,noun,συνέντευξη,exact,
268,357,η τετάρτη,τετάρτη,среда,944,130.6,112.2,5.05,noun,τετάρτη,exact,
438,358,μαύρος,μαύρος,чёрный,949,130.3,10.4,4.018,noun,μαύρος,exact,
246,359,ο συγγραφέας,συγγραφέας,писатель,964,126.9,50.4,4.702,noun,συγγραφέας,exact,
100,360,το μήνυμα,μήνυμα,сообщение,974,125.3,79.1,4.898,noun,μήνυμα,exact,
180,361,ο πίνακας,πίνακας,"картина, доска",978,124.9,20.5,4.312,noun,πίνακας,exact,
744,362,ρίχνω,ρίχνω,"бросать, кидать",1001,120.9,1.3,3.12,verb,ρίχνω,exact,
202,363,η προσφορά,προσφορά,"предложение, скидка",1004,120.7,68.2,4.834,noun,προσφορά,exact,
765,364,συμπληρώνω,συμπληρώνω,заполнять,1005,120.7,0.5,2.725,verb,συμπληρώνω,exact,
163,365,η παράσταση,παράσταση,"представление, спектакль",1017,118.8,59.0,4.771,noun,παράσταση,exact,
443,366,μισός,μισός,"половина, полу-",1026,117.7,3.9,3.592,adj,μισός,exact,
272,367,η τηλεόραση,τηλεόραση,телевизор,1051,113.2,77.3,4.888,noun,τηλεόραση,exact,
793,368,φτιάχνω,φτιάχνω,"делаю, готовлю, чиню",1059,112.7,1.3,3.12,verb,φτιάχνω,exact,
519,369,δυστυχώς,δυστυχώς,к сожалению,1060,112.7,112.7,5.052,adv,δυστυχώς,exact,
406,370,ηλεκτρονικός,ηλεκτρονικός,электронный,1064,111.9,3.2,3.506,adj,ηλεκτρονικός,exact,
136,371,ο οδηγός,οδηγός,"водитель, гид",1070,111.3,29.1,4.464,noun,οδηγός,exact,
326,372,η χρονιά,χρονιά,год,1074,110.8,75.2,4.876,noun,χρονιά,exact,
741,373,προτιμώ,προτιμώ,предпочитать,1077,109.7,6.9,3.839,verb,προτιμώ,exact,
331,374,το χωριό,χωριό,деревня,1078,109.5,57.0,4.756,noun,χωριό,exact,
546,375,νωρίς,νωρίς,рано,1081,109.3,50.7,4.705,adv,νωρίς,exact,
186,376,το πλοίο,πλοίο,корабль,1086,108.8,33.3,4.523,noun,πλοίο,exact,
716,377,περιγράφω,περιγράφω,описывать,1092,108.5,0.9,2.961,verb,περιγράφω,exact,
782,378,τρέχω,τρέχω,"бегать, бежать",1100,107.8,2.1,3.327,verb,τρέχω,exact,
801,379,χτυπάω,χτυπάω,"стучать, бить",1104,107.7,0.5,2.725,verb,χτυπάω,exact,
658,380,κάθομαι,κάθομαι,сидеть,1108,107.5,3.3,3.521,verb,κάθομαι,exact,
645,381,εργάζομαι,εργάζομαι,работать,1125,105.8,2.0,3.305,verb,εργάζομαι,exact,
105,382,η μνήμη,μνήμη,"память, воспоминание",1129,104.9,62.1,4.793,noun,μνήμη,exact,
107,383,το μουσείο,μουσείο,музей,1136,104.4,57.9,4.762,noun,μουσείο,exact,
561,384,προχθές,προχθές,позавчера,1137,104.4,101.9,5.008,adv,προχθές,exact,
530,385,καθόλου,καθόλου,"совсем, вовсе",1143,104.1,104.1,5.017,adv,καθόλου,exact,
317,386,η φωτογραφία,φωτογραφία,фотография,1145,103.9,43.0,4.633,noun,φωτογραφία,exact,
554,387,πέρυσι,πέρυσι,в прошлом году,1148,103.6,81.4,4.91,adv,πέρυσι,exact,
711,388,παρακαλώ,παρακαλώ,"пожалуйста, прошу",1151,102.9,77.0,4.886,verb,παρακαλώ,exact,
216,389,το Σάββατο,Σάββατο,суббота,1159,102.2,77.3,4.888,noun,σάββατο,exact,
467,390,πράσινος,πράσινος,зелёный,1183,99.9,2.4,3.384,adj,πράσινος,exact,
328,391,το χρώμα,χρώμα,цвет,1187,99.3,46.8,4.67,noun,χρώμα,exact,
25,392,ο καλλιτέχνης,καλλιτέχνης,"художник, артист",1191,98.7,17.2,4.236,noun,καλλιτέχνης,exact,
642,393,επισκέπτομαι,επισκέπτομαι,"посещать, навещать",1198,98.4,0.7,2.859,verb,επισκέπτομαι,exact,
221,394,η σελίδα,σελίδα,страница,1202,97.9,37.5,4.574,noun,σελίδα,exact,
720,395,πετάω,πετάω,"летать, бросать",1206,97.2,0.8,2.919,verb,πετάω,exact,
517,396,δίπλα,δίπλα,"рядом, около",1208,97.1,93.9,4.972,adv,δίπλα,exact,
647,397,ετοιμάζω,ετοιμάζω,"готовить, подготавливать",1219,96.2,0.8,2.919,verb,ετοιμάζω,exact,
26,398,το καλοκαίρι,καλοκαίρι,лето,1230,95.2,76.3,4.882,noun,καλοκαίρι,exact,
344,399,άγνωστος,άγνωστος,"неизвестный, незнакомый",1239,94.4,11.6,4.065,adj,άγνωστος,exact,
461,400,περιοδικός,περιοδικός,периодический; журнал,1241,94.2,0.3,2.504,adj,περιοδικός,exact,
193,401,η πόρτα,πόρτα,дверь,1247,93.8,66.0,4.819,noun,πόρτα,exact,
189,402,το πόδι,πόδι,"нога, стопа",1250,93.6,31.3,4.496,noun,πόδι,exact,
4,403,η θάλασσα,θάλασσα,море,1257,92.5,60.2,4.779,noun,θάλασσα,exact,
584,404,αντιλαμβάνομαι,αντιλαμβάνομαι,"понимаю, осознаю",1261,92.4,8.0,3.904,verb,αντιλαμβάνομαι,exact,
749,405,σηκώνω,σηκώνω,"поднимать, будить",1267,91.6,0.6,2.79,verb,σηκώνω,exact,
677,406,λείπω,λείπω,"отсутствовать, не хватать",1268,91.5,0.3,2.504,verb,λείπω,exact,
103,407,ο μηχανικός,μηχανικός,"инженер, механик",1275,90.7,15.3,4.185,noun,μηχανικός,exact,
458,408,παραδοσιακός,παραδοσιακός,традиционный,1279,90.2,2.5,3.403,adj,παραδοσιακός,exact,
422,409,κενός,κενός,пустой,1280,90.1,1.1,3.052,adj,κενός,exact,
771,410,συνοδεύω,συνοδεύω,сопровождать,1296,88.6,0.1,2.106,verb,συνοδεύω,exact,
2,411,η ημερομηνία,ημερομηνία,дата,1297,88.1,71.6,4.855,noun,ημερομηνία,exact,
42,412,ο κινηματογράφος,κινηματογράφος,"кинотеатр, кино",1311,87.0,13.2,4.121,noun,κινηματογράφος,exact,
173,413,το περιοδικό,περιοδικό,журнал,1314,86.7,39.9,4.601,noun,περιοδικό,exact,
436,414,μαζικός,μαζικός,массовый,1317,86.4,0.9,2.961,adj,μαζικός,exact,
39,415,το κεφάλι,κεφάλι,голова,1324,85.8,71.4,4.854,noun,κεφάλι,exact,
731,416,πουλώ,πουλώ,продавать,1330,85.5,0.9,2.961,verb,πουλάω,verb_alt,
291,417,η τύχη,τύχη,"удача, везение, судьба",1343,84.8,73.7,4.867,noun,τύχη,exact,
264,418,το ταξίδι,ταξίδι,"путешествие, поездка",1348,84.5,56.5,4.752,noun,ταξίδι,exact,
774,419,σχεδιάζω,σχεδιάζω,"планировать, проектировать",1365,83.4,0.8,2.919,verb,σχεδιάζω,exact,
104,420,ο μισθός,μισθός,"зарплата, оклад",1390,81.5,9.2,3.965,noun,μισθός,exact,
667,421,κόβω,κόβω,резать,1391,81.4,0.8,2.919,verb,κόβω,exact,
311,422,ο φόβος,φόβος,страх,1403,80.4,22.3,4.348,noun,φόβος,exact,
33,423,η κατοικία,κατοικία,"жилище, дом",1405,80.4,27.4,4.438,noun,κατοικία,exact,
312,424,ο φοιτητής,φοιτητής,студент,1421,79.6,8.6,3.935,noun,φοιτητής,exact,
190,425,το ποδόσφαιρο,ποδόσφαιρο,футбол,1446,77.7,46.1,4.664,noun,ποδόσφαιρο,exact,
123,426,το νόμισμα,νόμισμα,монета,1449,77.2,30.0,4.477,noun,νόμισμα,exact,
465,427,πλούσιος,πλούσιος,богатый,1454,76.5,4.8,3.683,adj,πλούσιος,exact,
305,428,το φεστιβάλ,φεστιβάλ,фестиваль,1461,76.0,76.0,4.881,noun,φεστιβάλ,exact,
321,429,το χαρτί,χαρτί,бумага,1467,75.4,35.8,4.554,noun,χαρτί,exact,
27,430,η καρδιά,καρδιά,сердце,1477,74.8,56.2,4.75,noun,καρδιά,exact,
489,431,φετινός,φετινός,"нынешний, этого года",1482,74.6,3.1,3.495,adj,φετινός,exact,
769,432,συνεργάζομαι,συνεργάζομαι,сотрудничать,1486,74.5,1.0,3.009,verb,συνεργάζομαι,exact,
785,433,φαντάζομαι,φαντάζομαι,"представлять себе, воображать",1505,73.2,15.4,4.188,verb,φαντάζομαι,exact,
303,434,το φάρμακο,φάρμακο,лекарство,1507,73.1,15.0,4.176,noun,φάρμακο,exact,
32,435,το κατάστημα,κατάστημα,магазин,1514,72.7,15.1,4.179,noun,κατάστημα,exact,
169,436,ο πελάτης,πελάτης,"клиент, покупатель",1525,72.1,9.8,3.992,noun,πελάτης,exact,
197,437,η προβολή,προβολή,"показ, проекция",1527,72.0,50.2,4.701,noun,προβολή,exact,
134,438,το ξενοδοχείο,ξενοδοχείο,"гостиница, отель",1537,71.7,37.6,4.575,noun,ξενοδοχείο,exact,
102,439,η μηχανή,μηχανή,"машина, мотоцикл",1540,71.5,31.5,4.498,noun,μηχανή,exact,
733,440,προγραμματίζω,προγραμματίζω,"планировать, программировать",1541,71.5,0.1,2.106,verb,προγραμματίζω,exact,
547,441,ξανά,ξανά,"снова, опять",1548,70.9,70.9,4.85,adv,ξανά,exact,
426,442,κόκκινος,κόκκινος,красный,1551,70.8,5.0,3.7,adj,κόκκινος,exact,
491,443,φιλικός,φιλικός,"дружеский, дружелюбный",1560,70.1,2.3,3.365,adj,φιλικός,exact,
425,444,κλειστός,κλειστός,закрытый,1567,69.8,2.9,3.464,adj,κλειστός,exact,
791,445,φροντίζω,φροντίζω,заботиться,1570,69.6,0.7,2.859,verb,φροντίζω,exact,
383,446,διπλός,διπλός,двойной,1588,68.3,2.9,3.464,quant,διπλός,exact,
199,447,η προετοιμασία,προετοιμασία,"подготовка, приготовление",1589,68.3,44.2,4.645,noun,προετοιμασία,exact,
348,448,άνεργος,άνεργος,безработный,1606,67.6,4.5,3.656,adj,άνεργος,exact,
367,449,γεμάτος,γεμάτος,полный,1615,67.2,7.4,3.87,adj,γεμάτος,exact,
690,450,μοιράζω,μοιράζω,"делить, раздавать",1627,66.4,0.2,2.327,verb,μοιράζω,exact,
182,451,η πλατεία,πλατεία,площадь,1632,66.0,48.8,4.688,noun,πλατεία,exact,
388,452,εκατό,εκατό,сто,1637,65.9,42.2,4.625,quant,εκατό,exact,
405,453,ηλεκτρικός,ηλεκτρικός,электрический,1639,65.8,1.5,3.185,adj,ηλεκτρικός,exact,
318,454,η χαρά,χαρά,радость,1648,64.7,52.2,4.717,noun,χαρά,exact,
478,455,σχολικός,σχολικός,школьный,1662,64.2,0.9,2.961,adj,σχολικός,exact,
780,456,τραβάω,τραβάω,"тянуть, тащить",1684,62.7,0.6,2.79,verb,τραβάω,exact,
315,457,η φράση,φράση,"фраза, предложение",1693,62.3,47.2,4.674,noun,φράση,exact,
73,458,το λιμάνι,λιμάνι,"порт, гавань",1694,62.3,37.9,4.579,noun,λιμάνι,exact,
735,459,προσέχω,προσέχω,"быть осторожным, заботиться",1695,62.3,1.5,3.185,verb,προσέχω,exact,
342,460,αγγλικός,αγγλικός,английский,1696,62.3,0.9,2.961,adj,αγγλικός,exact,
142,461,το όνειρο,όνειρο,"сон, мечта",1700,62.1,33.8,4.529,noun,όνειρο,exact,
682,462,μαζεύω,μαζεύω,собирать,1701,62.0,0.6,2.79,verb,μαζεύω,exact,
597,463,αφαιρώ,αφαιρώ,"убирать, снимать, вычитать",1704,61.7,0.2,2.327,verb,αφαιρώ,exact,
630,464,δοκιμάζω,δοκιμάζω,пробовать,1719,61.0,0.4,2.628,verb,δοκιμάζω,exact,
455,465,παιδικός,παιδικός,детский,1727,60.7,1.0,3.009,adj,παιδικός,exact,
503,466,χρήσιμος,χρήσιμος,полезный,1743,59.8,3.8,3.583,adj,χρήσιμος,exact,
409,467,θεατρικός,θεατρικός,театральный,1744,59.8,2.9,3.464,adj,θεατρικός,exact,
3,468,ο ήρωας,ήρωας,герой,1745,59.7,16.0,4.204,noun,ήρωας,exact,
565,469,σπάνια,σπάνια,редко,1758,58.9,31.0,4.491,adv,σπάνια,exact,
247,470,ο σύζυγος,σύζυγος,"супруг, супруга",1760,58.9,17.4,4.241,noun,σύζυγος,exact,
11,471,η θερμοκρασία,θερμοκρασία,температура,1772,58.2,30.9,4.49,noun,θερμοκρασία,exact,
51,472,η κόρη,κόρη,дочь,1800,56.6,40.3,4.605,noun,κόρη,exact,
320,473,ο χάρτης,χάρτης,карта,1802,56.6,8.7,3.94,noun,χάρτης,exact,
7,474,η θεία,θεία,тетя,1805,56.5,16.1,4.207,adv,θεία,exact,
8,475,ο θείος,θείος,дядя,1806,56.5,13.9,4.143,noun,θείος,exact,
158,476,το παράθυρο,παράθυρο,окно,1809,56.4,32.3,4.509,noun,παράθυρο,exact,
423,477,κινητός,κινητός,"подвижный, мобильный",1823,55.9,0.3,2.504,adj,κινητός,exact,
747,478,σέβομαι,σέβομαι,уважать,1824,55.9,6.4,3.807,verb,σέβομαι,exact,
495,479,φτωχός,φτωχός,бедный,1833,55.5,4.7,3.674,adj,φτωχός,exact,
265,480,η ταυτότητα,ταυτότητα,удостоверение личности,1849,55.2,30.4,4.483,noun,ταυτότητα,exact,
531,481,κακά,κακά,плохо,1851,55.0,12.4,4.094,noun,κακά,exact,
781,482,τραγουδώ,τραγουδώ,петь,1868,54.3,1.7,3.236,verb,τραγουδάω,verb_alt,
113,483,το μπάσκετ,μπάσκετ,баскетбол,1871,54.1,54.1,4.733,noun,μπάσκετ,exact,
324,484,ο χορός,χορός,танец,1873,54.0,13.0,4.114,noun,χορός,exact,
582,485,ανησυχώ,ανησυχώ,"беспокоиться, волноваться",1878,53.8,3.0,3.48,verb,ανησυχώ,exact,
203,486,η προσωπικότητα,προσωπικότητα,"личность, индивидуальность",1912,52.8,25.7,4.41,noun,προσωπικότητα,exact,
285,487,το τραπέζι,τραπέζι,стол,1913,52.7,44.9,4.652,noun,τραπέζι,exact,
451,488,οικογενειακός,οικογενειακός,семейный,1914,52.7,1.7,3.236,adj,οικογενειακός,exact,
684,489,μεγαλώνω,μεγαλώνω,"расти, становиться старше",1933,51.5,0.4,2.628,verb,μεγαλώνω,exact,
52,490,το κορίτσι,κορίτσι,"девочка, девушка",1935,51.4,19.2,4.284,noun,κορίτσι,exact,
581,491,ανεβάζω,ανεβάζω,"поднимать, повышать",1974,50.4,0.3,2.504,verb,ανεβάζω,exact,
494,492,φτηνός,φτηνός,дешёвый,1978,50.3,0.3,2.504,adj,φτηνός,exact,
535,493,κιόλας,κιόλας,"уже, даже",2006,49.2,48.9,4.689,adv,κιόλας,exact,
590,494,αποτυγχάνω,αποτυγχάνω,"терпеть неудачу, не удаваться",2010,49.2,0.0,1.327,verb,αποτυγχάνω,exact,
242,495,το στόμα,στόμα,рот,2011,49.1,36.7,4.564,noun,στόμα,exact,
301,496,η φαντασία,φαντασία,"фантазия, воображение",2031,48.5,32.0,4.505,noun,φαντασία,exact,
738,497,προσλαμβάνω,προσλαμβάνω,нанимать на работу,2039,48.3,0.1,2.106,verb,προσλαμβάνω,exact,
469,498,προσεκτικός,προσεκτικός,"осторожный, внимательный",2048,48.2,5.0,3.7,adj,προσεκτικός,exact,
600,499,αφιερώνω,αφιερώνω,посвящать,2054,48.0,1.0,3.009,verb,αφιερώνω,exact,
585,500,αντιστοιχώ,αντιστοιχώ,соответствовать,2071,47.5,0.0,1.327,verb,αντιστοιχώ,exact,
788,501,φιλοξενώ,φιλοξενώ,"принимать гостей, гостеприимно встречать",2080,47.2,0.1,2.106,verb,φιλοξενώ,exact,
620,502,διαμαρτύρομαι,διαμαρτύρομαι,"протестовать, жаловаться",2081,47.2,0.8,2.919,verb,διαμαρτύρομαι,exact,
360,503,άσχημος,άσχημος,"некрасивый, уродливый",2109,45.8,1.3,3.12,adj,άσχημος,exact,
552,504,παρακάτω,παρακάτω,"ниже, далее",2134,45.1,45.1,4.654,adv,παρακάτω,exact,
244,505,ο συγγενής,συγγενής,родственник,2143,44.8,3.7,3.57,adj,συγγενής,exact,
700,506,ξεχωρίζω,ξεχωρίζω,"отличаю, выделяю",2172,43.9,0.9,2.961,verb,ξεχωρίζω,exact,
454,507,όμορφος,όμορφος,красивый,2176,43.8,1.7,3.236,adj,όμορφος,exact,
372,508,γραπτός,γραπτός,письменный,2181,43.6,1.1,3.052,adj,γραπτός,exact,
619,509,διαλέγω,διαλέγω,выбирать,2196,43.1,0.7,2.859,verb,διαλέγω,exact,
404,510,ζωγραφικός,ζωγραφικός,"живописный, художественный",2209,42.9,0.2,2.327,adj,ζωγραφικός,exact,
185,511,η πληροφορική,πληροφορική,информатика,2261,41.5,8.7,3.94,noun,πληροφορική,exact,
686,512,μετακινώ,μετακινώ,"передвигать, перемещать",2266,41.4,0.0,1.327,verb,μετακινώ,exact,
424,513,κίτρινος,κίτρινος,жёлтый,2270,41.2,1.1,3.052,adj,κίτρινος,exact,
670,514,κοστίζω,κοστίζω,стоить,2288,40.6,0.0,1.327,verb,κοστίζω,exact,
378,515,διάσημος,διάσημος,"знаменитый, известный",2315,40.1,9.3,3.969,adj,διάσημος,exact,
172,516,η περιγραφή,περιγραφή,описание,2364,38.7,26.8,4.428,noun,περιγραφή,exact,
45,517,το κλειδί,κλειδί,ключ,2385,38.2,24.9,4.396,noun,κλειδί,exact,
596,518,ασθενώ,ασθενώ,"болеть, быть больным",2427,37.0,0.0,1.327,verb,ασθενώ,exact,
183,519,η πλάτη,πλάτη,спина,2467,36.1,27.6,4.441,noun,πλάτη,exact,
522,520,εντάξει,εντάξει,"хорошо, ладно, в порядке",2468,36.1,36.1,4.557,adv,εντάξει,exact,
309,521,η φιλία,φιλία,дружба,2490,35.5,15.3,4.185,noun,φιλία,exact,
233,522,η σοφία,σοφία,мудрость,2500,35.4,21.1,4.324,noun,σοφία,exact,
520,523,δωρεάν,δωρεάν,бесплатно,2504,35.3,35.3,4.548,adv,δωρεάν,exact,
506,524,ψηφιακός,ψηφιακός,цифровой,2533,34.5,0.9,2.961,adj,ψηφιακός,exact,
147,525,ο ουρανός,ουρανός,небо,2547,34.2,5.7,3.757,noun,ουρανός,exact,
214,526,το ρούχο,ρούχο,одежда,2565,33.7,2.4,3.384,noun,ρούχο,exact,
50,527,η κοπέλα,κοπέλα,девушка,2590,33.2,20.8,4.318,noun,κοπέλα,exact,
72,528,η λεωφόρος,λεωφόρος,"проспект, широкая улица",2657,31.9,4.9,3.691,noun,λεωφόρος,exact,
589,529,απολύω,απολύω,увольнять,2667,31.6,0.0,1.327,verb,απολύω,exact,
40,530,ο κήπος,κήπος,сад,2675,31.4,5.0,3.7,noun,κήπος,exact,
66,531,το λάδι,λάδι,масло (растительное),2690,31.1,19.3,4.286,noun,λάδι,exact,
672,532,κουράζομαι,κουράζομαι,уставать,2711,30.8,0.3,2.504,verb,κουράζω,alias,
61,533,το κρεβάτι,κρεβάτι,кровать,2721,30.7,22.9,4.36,noun,κρεβάτι,exact,
263,534,το ταξί,ταξί,такси,2738,30.5,30.5,4.484,noun,ταξί,exact,
470,535,πρωινός,πρωινός,утренний,2760,30.1,0.6,2.79,adj,πρωινός,exact,
335,536,το ψέμα,ψέμα,ложь,2766,30.0,8.2,3.915,noun,ψέμα,exact,
485,537,υγιής,υγιής,здоровый,2790,29.7,5.4,3.734,adj,υγιής,exact,
657,538,καθαρίζω,καθαρίζω,"убирать, чистить",2793,29.6,0.3,2.504,verb,καθαρίζω,exact,
306,539,το φθινόπωρο,φθινόπωρο,осень,2812,29.3,25.3,4.403,noun,φθινόπωρο,exact,
217,540,το σαββατοκύριακο,σαββατοκύριακο,выходные,2839,29.0,21.4,4.33,noun,σαββατοκύριακο,exact,
754,541,σπουδάζω,σπουδάζω,"учиться, изучать",2843,28.9,0.4,2.628,verb,σπουδάζω,exact,
775,542,ταιριάζω,ταιριάζω,"подходить, сочетаться",2849,28.8,0.2,2.327,verb,ταιριάζω,exact,
279,543,ο τουρίστας,τουρίστας,турист,2852,28.8,2.3,3.365,noun,τουρίστας,exact,
370,544,γλυκός,γλυκός,сладкий,2858,28.7,1.3,3.12,adj,γλυκός,exact,
737,545,προσκαλώ,προσκαλώ,приглашать,2861,28.7,0.3,2.504,verb,προσκαλώ,exact,
211,546,το ραντεβού,ραντεβού,"свидание, встреча",2864,28.6,28.6,4.456,noun,ραντεβού,exact,
795,547,χαλώ,χαλώ,"портить, ломать",2867,28.5,0.0,1.327,verb,χαλώ,exact,
161,548,η παραλία,παραλία,"пляж, берег",2874,28.4,15.0,4.176,noun,παραλία,exact,
155,549,η παραγγελία,παραγγελία,заказ,2879,28.4,13.9,4.143,noun,παραγγελία,exact,
156,550,η παραγγελία,παραγγελία,заказ,2879,28.4,13.9,4.143,noun,παραγγελία,exact,155
760,551,συγκρίνω,συγκρίνω,сравнивать,2951,27.4,0.7,2.859,verb,συγκρίνω,exact,
255,552,ο σύντροφος,σύντροφος,"партнер, спутник жизни",2976,27.1,3.9,3.592,noun,σύντροφος,exact,
164,553,το πάρκο,πάρκο,парк,2999,26.7,12.5,4.098,noun,πάρκο,exact,
437,554,μακρινός,μακρινός,"далёкий, дальний",3013,26.5,1.3,3.12,adj,μακρινός,exact,
421,555,καφέ,καφέ,коричневый,3015,26.4,26.4,4.422,noun,καφέ,exact,
191,556,το ποίημα,ποίημα,стихотворение,3025,26.3,9.7,3.987,noun,ποίημα,exact,
445,557,μοντέρνος,μοντέρνος,современный,3041,26.1,1.3,3.12,adj,μοντέρνος,exact,
664,558,κατεβάζω,κατεβάζω,"спускать, снижать",3052,25.9,0.3,2.504,verb,κατεβάζω,exact,
162,559,το παραμύθι,παραμύθι,сказка,3078,25.6,12.4,4.094,noun,παραμύθι,exact,
359,560,αστείος,αστείος,смешной,3082,25.5,0.6,2.79,adj,αστείος,exact,
394,561,έξυπνος,έξυπνος,умный,3109,25.2,3.2,3.506,adj,έξυπνος,exact,
408,562,ήσυχος,ήσυχος,"тихий, спокойный",3130,25.0,3.6,3.558,adj,ήσυχος,exact,
358,563,άσπρος,άσπρος,белый,3139,24.9,0.8,2.919,adj,άσπρος,exact,
340,564,το ωράριο,ωράριο,"расписание, график работы",3147,24.8,13.5,4.131,noun,ωράριο,exact,
369,565,γκρίζος,γκρίζος,серый,3151,24.7,0.7,2.859,adj,γκρίζος,exact,
592,566,αργώ,αργώ,опаздывать,3158,24.6,0.9,2.961,verb,αργώ,exact,
145,567,ο όροφος,όροφος,этаж,3163,24.5,2.2,3.344,noun,όροφος,exact,
580,568,αναχωρώ,αναχωρώ,отправляться,3207,24.0,0.0,1.327,verb,αναχωρώ,exact,
146,569,η ουρά,ουρά,очередь,3237,23.6,14.8,4.171,noun,ουρά,exact,
282,570,ο τραγουδιστής,τραγουδιστής,певец,3258,23.5,6.9,3.839,noun,τραγουδιστής,exact,
705,571,ονειρεύομαι,ονειρεύομαι,"мечтать, видеть сны",3266,23.4,2.4,3.384,verb,ονειρεύομαι,exact,
613,572,γιορτάζω,γιορτάζω,праздновать,3290,23.0,0.2,2.327,verb,γιορτάζω,exact,
701,573,ξοδεύω,ξοδεύω,тратить,3298,22.9,0.4,2.628,verb,ξοδεύω,exact,
254,574,η συνταγή,συνταγή,рецепт,3308,22.8,14.7,4.168,noun,συνταγή,exact,
248,575,η συμβουλή,συμβουλή,совет,3328,22.6,7.1,3.852,noun,συμβουλή,exact,
441,576,μέτριος,μέτριος,"средний, умеренный",3338,22.5,2.7,3.435,adj,μέτριος,exact,
472,577,ραδιοφωνικός,ραδιοφωνικός,"радио-, радиофонический",3373,22.2,1.7,3.236,adj,ραδιοφωνικός,exact,
24,578,το καλάθι,καλάθι,корзина,3383,22.0,14.5,4.162,noun,καλάθι,exact,
755,579,σπρώχνω,σπρώχνω,"толкать, пихать",3384,22.0,0.2,2.327,verb,σπρώχνω,exact,
651,580,ζωγραφίζω,ζωγραφίζω,рисовать,3394,21.9,1.1,3.052,verb,ζωγραφίζω,exact,
28,581,η καρέκλα,καρέκλα,стул,3421,21.6,12.8,4.108,noun,καρέκλα,exact,
778,582,τηλεφωνώ,τηλεφωνώ,звонить по телефону,3444,21.4,0.0,1.327,verb,τηλεφωνάω,verb_alt,
392,583,έμπειρος,έμπειρος,опытный,3449,21.3,4.5,3.656,adj,έμπειρος,exact,
496,584,φωτεινός,φωτεινός,"светлый, яркий",3462,21.2,0.8,2.919,adj,φωτεινός,exact,
227,585,η σκάλα,σκάλα,лестница,3492,20.8,10.9,4.038,noun,σκάλα,exact,
674,586,κρεμώ,κρεμώ,"вешать, висеть",3517,20.6,0.0,1.327,verb,κρεμάω,verb_alt,
623,587,διευθύνω,διευθύνω,"руководить, управлять",3519,20.6,0.5,2.725,verb,διευθύνω,exact,
245,588,η συγγνώμη,συγγνώμη,"извинение, прости",3521,20.6,19.2,4.284,noun,συγγνώμη,exact,
486,589,υπέροχος,υπέροχος,"замечательный, великолепный",3529,20.5,1.7,3.236,adj,υπέροχος,exact,
345,590,αδύναμος,αδύναμος,слабый,3532,20.4,2.6,3.417,adj,αδύναμος,exact,
20,591,ο καθαρισμός,καθαρισμός,"чистка, уборка",3559,20.2,4.1,3.615,noun,καθαρισμός,exact,
446,592,μπλε,μπλε,"синий, голубой",3569,20.0,20.0,4.301,adj,μπλε,exact,
67,593,ο λαιμός,λαιμός,"горло, шея",3590,19.8,1.8,3.262,noun,λαιμός,exact,
341,594,αγαπημένος,αγαπημένος,любимый,3620,19.6,3.2,3.506,adj,αγαπημένος,exact,
410,595,θεματικός,θεματικός,тематический,3635,19.5,0.3,2.504,adj,θεματικός,exact,
622,596,διασχίζω,διασχίζω,"пересекать, переходить",3645,19.4,0.3,2.504,verb,διασχίζω,exact,
178,597,το πιάνο,πιάνο,пианино,3653,19.3,14.9,4.174,adv,πιάνο,exact,
621,598,διασκεδάζω,διασκεδάζω,"развлекаться, веселиться",3671,19.2,0.6,2.79,verb,διασκεδάζω,exact,
729,599,πονώ,πονώ,болеть (о части тела),3698,19.0,1.4,3.154,verb,πονάω,verb_alt,
118,600,το μωρό,μωρό,"малыш, младенец",3807,18.1,11.2,4.05,noun,μωρό,exact,
48,601,ο κόμβος,κόμβος,"узел, перекресток",3833,17.9,3.2,3.506,noun,κόμβος,exact,
34,602,το καφενείο,καφενείο,кафе (традиционное греческое),3907,17.4,9.4,3.974,verb,καφενείο,exact,
56,603,η κουζίνα,κουζίνα,кухня,3917,17.3,12.2,4.087,noun,κουζίνα,exact,
239,604,το στήθος,στήθος,грудь,3965,17.0,12.9,4.111,noun,στήθος,exact,
159,605,η παραλαβή,παραλαβή,"получение, приёмка",4047,16.5,8.9,3.95,noun,παραλαβή,exact,
152,606,το παπούτσι,παπούτσι,"ботинок, туфля",4069,16.4,1.6,3.208,noun,παπούτσι,exact,
357,607,ασήμαντος,ασήμαντος,незначительный,4074,16.4,0.9,2.961,adj,ασήμαντος,exact,
207,608,το πρωινό,πρωινό,завтрак,4113,16.0,11.4,4.057,noun,πρωινό,exact,
14,609,το ιατρείο,ιατρείο,"кабинет врача, поликлиника",4151,15.7,4.6,3.664,noun,ιατρείο,exact,
226,610,η σημείωση,σημείωση,"заметка, записка",4154,15.7,6.0,3.779,noun,σημείωση,exact,
624,611,διηγούμαι,διηγούμαι,рассказывать,4155,15.7,0.5,2.725,verb,διηγούμαι,exact,
74,612,το λίτρο,λίτρο,литр,4176,15.5,6.3,3.8,noun,λίτρο,exact,
165,613,το πάρτι,πάρτι,вечеринка,4191,15.4,15.4,4.188,noun,πάρτι,exact,
464,614,πικρός,πικρός,горький,4196,15.4,0.5,2.725,adj,πικρός,exact,
266,615,το ταχυδρομείο,ταχυδρομείο,почта,4207,15.4,5.0,3.7,noun,ταχυδρομείο,exact,
763,616,συλλέγω,συλλέγω,"собирать, коллекционировать",4216,15.3,0.2,2.327,verb,συλλέγω,exact,
361,617,άχρηστος,άχρηστος,бесполезный,4249,15.1,0.9,2.961,adj,άχρηστος,exact,
117,618,η μύτη,μύτη,нос,4254,15.0,12.2,4.087,noun,μύτη,exact,
400,619,ευγενικός,ευγενικός,"вежливый, любезный",4266,15.0,2.1,3.327,adj,ευγενικός,exact,
77,620,η λύπη,λύπη,"печаль, грусть",4288,14.8,12.4,4.094,noun,λύπη,exact,
10,621,η θέρμανση,θέρμανση,отопление,4294,14.8,4.6,3.664,noun,θέρμανση,exact,
154,622,ο παππούς,παππούς,дедушка,4309,14.7,6.0,3.779,noun,παππούς,exact,
368,623,γέρος,γέρος,старый (о человеке),4334,14.5,5.2,3.717,noun,γέρος,exact,
176,624,το περίπτερο,περίπτερο,киоск,4360,14.4,6.8,3.834,noun,περίπτερο,exact,
208,625,ο πυρετός,πυρετός,"температура, жар",4371,14.3,4.1,3.615,noun,πυρετός,exact,
608,626,βρέχω,βρέχω,"поливать, мочить; безлично: идёт дождь",4383,14.2,0.0,1.327,verb,βρέχω,exact,
794,627,χαιρετάω,χαιρετάω,"приветствовать, здороваться",4386,14.2,0.5,2.725,verb,χαιρετώ,verb_alt,
493,628,φρέσκος,φρέσκος,свежий,4521,13.4,1.3,3.12,adj,φρέσκος,exact,
188,629,το ποδήλατο,ποδήλατο,велосипед,4524,13.4,6.9,3.839,noun,ποδήλατο,exact,
220,630,το σαλόνι,σαλόνι,гостиная,4564,13.2,7.8,3.893,noun,σαλόνι,exact,
652,631,ηρεμώ,ηρεμώ,"успокаиваться, утихать",4604,13.0,0.1,2.106,verb,ηρεμώ,exact,
462,632,περίπλοκος,περίπλοκος,сложный,4666,12.7,0.5,2.725,adj,περίπλοκος,exact,
209,633,ο πυροσβέστης,πυροσβέστης,пожарный,4670,12.7,1.2,3.083,noun,πυροσβέστης,exact,
229,634,ο σκύλος,σκύλος,собака,4678,12.6,3.7,3.57,noun,σκύλος,exact,
112,635,το μπάνιο,μπάνιο,"ванная комната, ванна",4754,12.2,6.8,3.834,noun,μπάνιο,exact,
300,636,το φανάρι,φανάρι,светофор,4769,12.1,6.9,3.839,noun,φανάρι,exact,
210,637,ο πωλητής,πωλητής,продавец,4771,12.1,2.7,3.435,noun,πωλητής,exact,
323,638,το χιόνι,χιόνι,снег,4787,12.0,6.7,3.827,noun,χιόνι,exact,
695,639,νοικιάζω,νοικιάζω,"снимать, арендовать",4800,12.0,0.1,2.106,verb,νοικιάζω,exact,
91,640,το μενού,μενού,меню,4815,11.9,11.9,4.076,noun,μενού,exact,
283,641,το τραμ,τραμ,трамвай,4838,11.8,11.8,4.073,noun,τραμ,exact,
16,642,το ίντερνετ,ίντερνετ,интернет,4846,11.8,11.8,4.073,noun,ίντερνετ,exact,
761,643,συγχαίρω,συγχαίρω,поздравлять,4847,11.8,1.4,3.154,verb,συγχαίρω,exact,
374,644,δέκατος,δέκατος,десятый,4887,11.6,0.7,2.859,quant,δέκατος,exact,
579,645,ανακατεύω,ανακατεύω,"мешать, перемешивать",4921,11.5,0.1,2.106,verb,ανακατεύω,exact,
598,646,αφηγούμαι,αφηγούμαι,"повествовать, излагать",4922,11.5,0.1,2.106,verb,αφηγούμαι,exact,
179,647,το πιάτο,πιάτο,"тарелка, блюдо",4957,11.3,7.3,3.864,noun,πιάτο,exact,
588,648,απολογούμαι,απολογούμαι,"извиняться, оправдываться",4999,11.2,0.4,2.628,verb,απολογούμαι,exact,
654,649,θεραπεύω,θεραπεύω,"лечить, излечивать",5071,10.9,0.0,1.327,verb,θεραπεύω,exact,
41,650,η κιθάρα,κιθάρα,гитара,5112,10.7,7.5,3.876,noun,κιθάρα,exact,
336,651,το ψυγείο,ψυγείο,холодильник,5115,10.7,6.2,3.793,noun,ψυγείο,exact,
713,652,παραπονιέμαι,παραπονιέμαι,"жаловаться, сетовать",5141,10.7,0.4,2.628,verb,παραπονιέμαι,exact,
694,653,νοιάζομαι,νοιάζομαι,"заботиться, беспокоиться",5165,10.6,0.3,2.504,verb,νοιάζομαι,exact,
687,654,μετακομίζω,μετακομίζω,переезжать,5171,10.6,0.0,1.327,verb,μετακομίζω,exact,
759,655,στρίβω,στρίβω,поворачивать,5289,10.1,0.2,2.327,verb,στρίβω,exact,
278,656,η τουαλέτα,τουαλέτα,туалет,5324,10.0,4.1,3.615,noun,τουαλέτα,exact,
110,657,το μπαλκόνι,μπαλκόνι,балкон,5351,9.9,6.0,3.779,noun,μπαλκόνι,exact,
304,658,το φεγγάρι,φεγγάρι,луна,5420,9.7,6.9,3.839,noun,φεγγάρι,exact,
725,659,πλένω,πλένω,мыть,5450,9.6,0.3,2.504,verb,πλένω,exact,
114,660,η μπίρα,μπίρα,пиво,5536,9.3,4.9,3.691,noun,μπίρα,exact,
314,661,ο φούρνος,φούρνος,"печь, духовка; пекарня",5546,9.3,1.2,3.083,noun,φούρνος,exact,
413,662,ισόγειος,ισόγειος,"первый этаж, партер",5574,9.2,0.1,2.106,adj,ισόγειος,exact,
728,663,ποντάρω,ποντάρω,"ставить (на что-то), делать ставку",5748,8.7,0.2,2.327,verb,ποντάρω,exact,
129,664,η νύφη,νύφη,невеста,5888,8.3,5.6,3.749,noun,νύφη,exact,
308,665,το φιλί,φιλί,поцелуй,5932,8.2,5.0,3.7,noun,φιλί,exact,
288,666,η τσάντα,τσάντα,сумка,5940,8.2,6.0,3.779,noun,τσάντα,exact,
97,667,τα μετρητά,μετρητά,наличные деньги,6069,7.8,5.3,3.725,noun,μετρητά,exact,
160,668,ο παραλήπτης,παραλήπτης,получатель,6129,7.7,2.4,3.384,noun,παραλήπτης,exact,
594,669,αρρωσταίνω,αρρωσταίνω,"болеть, заболевать",6204,7.5,0.2,2.327,verb,αρρωσταίνω,exact,
290,670,το τυρί,τυρί,сыр,6248,7.3,4.1,3.615,noun,τυρί,exact,
287,671,το τσάι,τσάι,чай,6300,7.2,6.4,3.807,noun,τσάι,exact,
141,672,η ομπρέλα,ομπρέλα,зонт,6348,7.1,5.1,3.709,noun,ομπρέλα,exact,
332,673,ο χωρισμός,χωρισμός,"развод, разлука",6364,7.1,2.2,3.344,noun,χωρισμός,exact,
363,674,βιογραφικός,βιογραφικός,биографический,6388,7.1,0.0,1.327,adj,βιογραφικός,exact,
607,675,βράζω,βράζω,"кипеть, варить",6403,7.0,0.1,2.106,verb,βράζω,exact,
804,676,ψήνω,ψήνω,"жарить, запекать",6637,6.6,0.1,2.106,verb,ψήνω,exact,
243,677,το στομάχι,στομάχι,желудок,6652,6.6,6.1,3.787,noun,στομάχι,exact,
302,678,το φαρμακείο,φαρμακείο,аптека,6670,6.6,2.2,3.344,noun,φαρμακείο,exact,
13,679,ο θυμός,θυμός,"гнев, злость",6750,6.4,1.2,3.083,noun,θυμός,exact,
218,680,η σακούλα,σακούλα,"пакет, сумка",6819,6.3,3.1,3.495,noun,σακούλα,exact,
55,681,το κοτόπουλο,κοτόπουλο,курица,6836,6.3,1.9,3.282,noun,κοτόπουλο,exact,
753,682,σκουπίζω,σκουπίζω,"подметать, вытирать",6947,6.1,0.2,2.327,verb,σκουπίζω,exact,
125,683,ο νονός,νονός,крестный отец,7099,5.8,1.6,3.208,noun,νονός,exact,
329,684,ο χυμός,χυμός,сок,7101,5.8,0.8,2.919,noun,χυμός,exact,
90,685,το μέλι,μέλι,мёд,7365,5.4,4.8,3.683,noun,μέλι,exact,
714,686,παρκάρω,παρκάρω,парковаться,7459,5.3,0.2,2.327,verb,παρκάρω,exact,
474,687,συμπαθητικός,συμπαθητικός,"симпатичный, приятный",7728,5.0,0.4,2.628,adj,συμπαθητικός,exact,
805,688,ψωνίζω,ψωνίζω,делать покупки,7752,4.9,0.1,2.106,verb,ψωνίζω,exact,
36,689,η καφετέρια,καφετέρια,"кафетерий, кофейня",7783,4.9,2.3,3.365,noun,καφετέρια,exact,
802,690,ψάλλω,ψάλλω,"петь (церковные песни), воспевать",7901,4.7,0.1,2.106,verb,ψάλλω,exact,
222,691,το σεντόνι,σεντόνι,простыня,7922,4.7,2.1,3.327,noun,σεντόνι,exact,
215,692,το ρύζι,ρύζι,рис,7988,4.6,3.1,3.495,noun,ρύζι,exact,
756,693,στάζω,στάζω,капать,8359,4.2,0.0,1.327,verb,στάζω,exact,
148,694,το παγωτό,παγωτό,мороженое,8449,4.1,1.4,3.154,noun,παγωτό,exact,
347,695,αλμυρός,αλμυρός,солёный,8575,4.0,0.7,2.859,adj,αλμυρός,exact,
187,696,το πλυντήριο,πλυντήριο,стиральная машина,8618,4.0,1.7,3.236,noun,πλυντήριο,exact,
362,697,βαρετός,βαρετός,скучный,8790,3.8,0.3,2.504,adj,βαρετός,exact,
230,698,η σοκολάτα,σοκολάτα,шоколад,8830,3.8,2.0,3.305,noun,σοκολάτα,exact,
269,699,το τετράδιο,τετράδιο,тетрадь,8946,3.7,1.1,3.052,noun,τετράδιο,exact,
280,700,η τούρτα,τούρτα,торт,9415,3.3,2.7,3.435,noun,τούρτα,exact,
435,701,μαγειρικός,μαγειρικός,кулинарный,9758,3.1,0.0,1.327,adj,μαγειρικός,exact,
47,702,η κολύμβηση,κολύμβηση,плавание,9927,3.0,1.5,3.185,noun,κολύμβηση,exact,
58,703,ο κουμπάρος,κουμπάρος,"кум, крёстный отец",9928,3.0,1.0,3.009,noun,κουμπάρος,exact,
231,704,η σούπα,σούπα,суп,10012,2.9,2.1,3.327,noun,σούπα,exact,
128,705,η ντουλάπα,ντουλάπα,шкаф,10070,2.9,2.1,3.327,noun,ντουλάπα,exact,
126,706,η νοσηλεύτρια,νοσηλεύτρια,медсестра,10330,2.8,0.8,2.919,noun,νοσηλεύτρια,exact,
30,707,το κάστανο,κάστανο,каштан,10399,2.7,0.1,2.106,noun,κάστανο,exact,
800,708,χτενίζω,χτενίζω,расчёсывать,10413,2.7,0.0,1.327,verb,χτενίζω,exact,
773,709,συσκευάζω,συσκευάζω,"упаковывать, собирать чемодан",10470,2.7,0.0,1.327,verb,συσκευάζω,exact,
224,710,ο σερβιτόρος,σερβιτόρος,официант,10488,2.7,0.9,2.961,noun,σερβιτόρος,exact,
219,711,η σαλάτα,σαλάτα,салат,10583,2.6,1.8,3.262,noun,σαλάτα,exact,
448,712,νόστιμος,νόστιμος,вкусный,10637,2.6,0.1,2.106,adj,νόστιμος,exact,
106,713,η μονοκατοικία,μονοκατοικία,частный дом,10734,2.6,1.4,3.154,noun,μονοκατοικία,exact,
167,714,η πεθερά,πεθερά,"свекровь, тёща",10783,2.5,2.2,3.344,noun,πεθερά,exact,
115,715,το μπισκότο,μπισκότο,печенье,10824,2.5,0.1,2.106,noun,μπισκότο,exact,
124,716,η νονά,νονά,крестная мать,11169,2.3,1.4,3.154,noun,νονά,exact,
122,717,η νόηση,νόηση,мышление,11431,2.2,1.2,3.083,noun,νόηση,exact,
444,718,μοβ,μοβ,фиолетовый,11621,2.1,2.1,3.327,adj,μοβ,exact,
407,719,ηλιόλουστος,ηλιόλουστος,солнечный,12123,2.0,0.1,2.106,adj,ηλιόλουστος,exact,
80,720,ο μάγειρας,μάγειρας,повар,12592,1.8,0.9,2.961,noun,μάγειρας,exact,
133,721,ο ξάδερφος,ξάδερφος,двоюродный брат,12882,1.7,0.3,2.504,noun,ξάδερφος,exact,
772,722,συνταγογραφώ,συνταγογραφώ,выписывать рецепт,13713,1.5,0.0,1.327,verb,συνταγογραφώ,exact,
168,723,ο πεθερός,πεθερός,"свёкор, тесть",13856,1.4,0.5,2.725,noun,πεθερός,exact,
365,724,βροχερός,βροχερός,дождливый,13887,1.4,0.3,2.504,adj,βροχερός,exact,
381,725,δίκλινος,δίκλινος,двухместный,13888,1.4,0.0,1.327,adj,δίκλινος,exact,
49,726,το κομμωτήριο,κομμωτήριο,парикмахерская,14012,1.4,0.8,2.919,noun,κομμωτήριο,exact,
450,727,ξινός,ξινός,кислый,14202,1.3,0.1,2.106,adj,ξινός,exact,
170,728,η πελάτισσα,πελάτισσα,клиентка,14428,1.3,0.5,2.725,noun,πελάτισσα,exact,
296,729,το υπνοδωμάτιο,υπνοδωμάτιο,спальня,14559,1.3,0.7,2.859,noun,υπνοδωμάτιο,exact,
343,730,αγενής,αγενής,"невежливый, грубый",15129,1.1,0.4,2.628,adj,αγενής,exact,
504,731,χωριάτικος,χωριάτικος,"деревенский, сельский",15466,1.1,0.0,1.327,adj,χωριάτικος,exact,
364,732,βραστός,βραστός,вареный,15743,1.0,0.0,1.327,adj,βραστός,exact,
351,733,αντιπαθητικός,αντιπαθητικός,"неприятный, несимпатичный",16151,1.0,0.3,2.504,adj,αντιπαθητικός,exact,
181,734,το πιπέρι,πιπέρι,перец (приправа),16306,0.9,0.8,2.919,noun,πιπέρι,exact,
62,735,το κρεοπωλείο,κρεοπωλείο,мясная лавка,16656,0.9,0.1,2.106,noun,κρεοπωλείο,exact,
238,736,η στεναχώρια,στεναχώρια,"расстройство, огорчение",16690,0.9,0.8,2.919,noun,στεναχώρια,exact,
350,737,άνοστος,άνοστος,"безвкусный, пресный",17759,0.7,0.0,1.327,adj,άνοστος,exact,
88,738,το μανάβικο,μανάβικο,овощной магазин,17912,0.7,0.4,2.628,noun,μανάβικο,exact,
57,739,το κουκούτσι,κουκούτσι,косточка,19042,0.6,0.3,2.504,noun,κουκούτσι,exact,
751,740,σιδερώνω,σιδερώνω,гладить (утюгом),19941,0.5,0.1,2.106,verb,σιδερώνω,exact,
21,741,το καθαριστήριο,καθαριστήριο,химчистка,21899,0.4,0.2,2.327,noun,καθαριστήριο,exact,
18,742,το ισόγειο,ισόγειο,первый этаж,,,,,,,,
46,743,το κλιματιστικό,κλιματιστικό,кондиционер,,,,,,,,
59,744,το κουτάκι,κουτάκι,"коробочка, баночка",,,,,,,,
81,745,η μαγειρική,μαγειρική,кулинария,,,,,,,,
85,746,τα μακαρόνια,μακαρόνια,макароны,,,,,,,,
86,747,τα μαλλιά,μαλλιά,волосы,,,,,,,,
95,748,το μεσημεριανό,μεσημεριανό,обед,,,,,,,,
116,749,το μυστικό,μυστικό,"секрет, тайна",,,,,,,,
131,750,η ξαδέλφη,ξαδέλφη,двоюродная сестра,,,,,,,,
132,751,ο ξάδελφος,ξάδελφος,двоюродный брат,,,,,,,,
153,752,τα παπούτσια,παπούτσια,"обувь, туфли",,,,,,,,
213,753,τα ρούχα,ρούχα,одежда,,,,,,,,
225,754,η σημειώσεις,σημειώσεις,"записи, заметки",,,,,,,,
235,755,οι σπουδές,σπουδές,"учёба, образование",,,,,,,,
338,756,τα ψώνια,ψώνια,"покупки, шопинг",,,,,,,,
352,757,απασχολημένος,απασχολημένος,занятый,,,,,,,,
366,758,βρώμικος,βρώμικος,грязный,,,,,,,,
384,759,διψασμένος,διψασμένος,жаждущий,,,,,,,,
398,760,ερωτευμένος,ερωτευμένος,влюблённый,,,,,,,,
411,761,θυμωμένος,θυμωμένος,"сердитый, злой",,,,,,,,
418,762,καινούργιος,καινούργιος,новый,,,,,,,,
457,763,παντρεμένος,παντρεμένος,"женатый, замужняя",,,,,,,,
463,764,περισσότερος,περισσότερος,больше,,,,,,,,
476,765,συστημένος,συστημένος,"заказной, рекомендуемый",,,,,,,,
488,766,φασαριόζος,φασαριόζος,шумный,,,,,,,,
492,767,φοβισμένος,φοβισμένος,"испуганный, напуганный",,,,,,,,
497,768,χαλασμένος,χαλασμένος,испорченный,,,,,,,,
498,769,χαλκιδικός,χαλκιδικός,медный,,,,,,,,
501,770,χίλια,χίλια,тысяча,,,,,,,,
502,771,χοντρός,χοντρός,толстый,,,,,,,,
510,772,αργά,αργά,"поздно, медленно",,,,,,,,
511,773,αρκετά,αρκετά,"довольно, достаточно",,,,,,,,
514,774,γρήγορα,γρήγορα,быстро,,,,,,,,
518,775,δύσκολα,δύσκολα,трудно,,,,,,,,
527,776,εύκολα,εύκολα,легко,,,,,,,,
562,777,πρώτα,πρώτα,сначала,,,,,,,,
568,778,τέλος πάντων,τέλος πάντων,в конце концов,,,,,,,,
586,779,αποβιβάζομαι,αποβιβάζομαι,выходить (из транспорта),,,,,,,,
587,780,απογειώνομαι,απογειώνομαι,взлетать,,,,,,,,
593,781,αρνούμαι,αρνούμαι,"отказываться, отрицать",,,,,,,,
602,782,βάζω στόχο,βάζω στόχο,ставить цель,,,,,,,,
603,783,βάζω τραπέζι,βάζω τραπέζι,накрывать на стол,,,,,,,,
609,784,βρίσκομαι,βρίσκομαι,находиться,,,,,,,,
611,785,γεννιέμαι,γεννιέμαι,рождаться,,,,,,,,
626,786,δίνω δώρο,δίνω δώρο,дарить подарок,,,,,,,,
627,787,δίνω εξετάσεις,δίνω εξετάσεις,сдавать экзамены,,,,,,,,
628,788,δίνω σημασία,δίνω σημασία,"обращать внимание, придавать значение",,,,,,,,
629,789,δίνω συμβουλή,δίνω συμβουλή,давать совет,,,,,,,,
632,790,έβρεξε,έβρεξε,шел дождь,,,,,,,,
634,791,εκπλήσσομαι,εκπλήσσομαι,"удивляться, поражаться",,,,,,,,
640,792,επιβιβάζομαι,επιβιβάζομαι,садиться (в транспорт),,,,,,,,
660,793,κάνει ζέστη,κάνει ζέστη,жарко (о погоде),,,,,,,,
671,794,κόστισε,κόστισε,стоил,,,,,,,,
675,795,λέγομαι,λέγομαι,"называться, зваться",,,,,,,,
676,796,λεγόμουν,λεγόμουν,меня звали,,,,,,,,
680,797,λούζομαι,λούζομαι,"мыться, купаться",,,,,,,,
689,798,μοιράζομαι,μοιράζομαι,"делиться, разделять",,,,,,,,
710,799,παραδίδω,παραδίδω,"сдавать, передавать",,,,,,,,
727,800,πόνεσα,πόνεσα,у меня болело,,,,,,,,
734,801,προσγειώνομαι,προσγειώνομαι,приземляться,,,,,,,,
745,802,ρίχνω μια ματιά,ρίχνω μια ματιά,"бросить взгляд, взглянуть",,,,,,,,
748,803,σηκώνομαι,σηκώνομαι,"вставать, подниматься",,,,,,,,
767,804,συναντιέμαι,συναντιέμαι,встречаться,,,,,,,,
798,805,χρησιμοποιούμαι,χρησιμοποιούμαι,использоваться,,,,,,,,
